word,count
SONA,65
THE,55
RT,53
TO,36
SA,34
OF,30
ANG,20
NA,19
NG,14
AND,14
5TH,13
MGA,12
IN,11
FOR,11
DUTERTES,10
DUTERTE,10
WE,9
PRESIDENT,8
WITH,8
MY,8
NI,7
COVID19,7
2020,7
THAT,7
THIS,7
AMP;,6
I,6
A,6
MAY,6
PA,5
HIS,5
UP,5
TAG,5
IS,5
ON,5
SI,4
PRES,4
YA,4
RIN,4
RODRIGO,4
THEY,4
YUNG,4
YOU,4
STUDENT,4
STATE,4
ROA,4
KA,4
SONA2020,4
KO,4
WAY,4
DI,4
FIRST,4
BEFORE,3
IF,3
EVERYONE,3
DAPAT,3
LANG,3
THA,3
HIM,3
KHARAASONA,3
COUNCIL,3
FROM,3
OWN,3
PRESS,3
HER,3
AT,3
NAMAN,3
DURING,3
SONAGKAISA,3
LIKE,3
ITS,3
SILA,3
ONE,3
GLOBE,3
ARAW,3
ME,3
CONGRESS,3
WOULD,3
RAPPLERDOTCOM:,3
BE,2
MARACEPEDA,2
PANGULO,2
TAPOS,2
THALAAJITH,2
KAR,2
ZUBIRI,2
PRESIDENTS,2
NGAYONG,2
VALIMAI,2
SABI,2
MESSAGE,2
„Äê„Ç∏„Çß„Ç∏„É•„É≥„Äë,2
PARA,2
LAW,2
YOUR,2
KATRINADOMINGO,2
KU,2
TIME,2
WAR,2
HOGA,2
LA,2
SAME,2
PERO,2
SHARES,2
OFWS,2
COVERS,2
21,2
PAGE,2
HINDI,2
RELATED,2
LOOK:,2
AKO,2
MUJHE,2
NATION,2
SAAN,2
AFTER,2
WAKASONA2020,2
KUNG,2
5,2
HUMAN,2
NEW,2
CAN,2
PALA,2
REACH,2
UPDATE,2
STEP,2
REACT,2
OUR,2
FC,2
MATAPOS,2
TE,2
GET,2
TAYONG,2
HE,2
THROUGH,2
PASSAGE,2
PROVIDED,2
ACT,2
HA,2
WALANG,2
DISCUSSIONS,2
ALSO,2
HEALTH,2
BA,2
PANDEMIC,2
NAKITA,2
TAYO,2
ABOUT,2
TEST,2
GMANEWS:,2
WAG,2
GIVE,2
SENATE,2
AGAINST,2
KACHRA,2
HERE,2
BAYANIHAN,2
BHAI,2
|,2
PROTESTA,2
EVEN,2
POSTSONA,2
TWEET,2
HELD,2
REAPERSZN,2
FANS,2
MABUTI,2
BUT,2
HAVE,2
NO,2
TOTALLY,2
BILLS,2
KANYANG,2
LEADER,2
WONT,2
PLEASE,2
WHAT,2
RESPONSE,2
DRILON,2
F‚Ä¶,2
QUE,2
EARLIER,2
NADINE,2
PROTEST,2
CLEAR,2
EXECUTIVE,2
SIYA,2
GOVERNMENTS,2
ONLY,2
ANCALERTS:,2
WERE,2
RIGHTS,2
AJITHKUMAR,2
REQUEST,2
COVID,2
NANGA,2
FRANKLIN,2
WAS,2
SAID,2
TOWERNAMBA:,2
GROUPS,2
AS,2
DILIMAN,2
WHICH,2
WHY,2
THALAAJITHFC,2
CNNPHILIPPINES:,2
DONT,2
PERSONA,2
AFTERNOON,2
AGAIN,2
READ,1
DIR,1
üò≠üò≠,1
HTTPS://TCO/GNUEG7G1LG,1
NGA,1
JOKE,1
RIAATAYDE,1
SL,1
CLARITY,1
DECIRTE,1
DECANSASO√ëA,1
REP,1
üéÅ„Çø„ÉØ„É¨„Ç≥ÁâπÂÖ∏„ÅØ„Ç¢„Éä„Ç∂„Éº„Ç∏„É£‚Ä¶,1
RTPCR,1
PLAN,1
SPOKESMAN,1
CHINA,1
IVE,1
REPUBLIK‚Ä¶,1
MAZA,1
RIA,1
GALIT,1
DELZOLLL:,1
BIRISI,1
AADYAMISHRAA,1
DROP‚Ä¶,1
QUEEN,1
SMART,1
OFFICIAL,1
NEKOSONA,1
TULOY,1
INVITED,1
LOYALSACHINFAN,1
GATHER,1
KANYA,1
PAHINA,1
VP,1
SIN,1
ITSJAYEMD:,1
PRESIDENTE,1
LOOB,1
MATOM,1
BOYMEJO:,1
MAJORITY,1
PIDICHA,1
JULY,1
GO,1
ALLENCOMPASSING,1
THREAT,1
S,1
ACTIVISTS,1
ERKANGA,1
BTPRA‚Ä¶,1
JUAN,1
HMVKAWASAKI:,1
TAMA,1
W/,1
TATAY,1
FULL,1
OUT,1
SHOW,1
IPHONE,1
UY,1
YEARS,1
MOST,1
COMMONWEALTH,1
IAMKARENDAVILA:,1
ROOOOSSSHHIIIII,1
ROHITME,1
LOUD,1
SONAGKAISA2020,1
YO,1
CURRENT,1
ELABORATE,1
MIGUEL,1
PAGBABAGO,1
NAGANAP,1
MALIBAN,1
ü§≠‚úä,1
9‡§Ö‡§ó‡§∏‡•ç‡§§‡§µ‡§ø‡§∂‡•ç‡§µ‡§Ü‡§¶‡§ø‡§µ‡§æ‡§∏‡•Ä‡§¶‡§ø‡§µ‡§∏,1
BHAGVATEEBHEEL,1
SUMAILALIM,1
WITHOUT,1
LIMITED,1
SAGARCASM,1
RUHANI,1
MUJY,1
SHET,1
SARAHELAGO,1
ALI,1
4,1
‚ÄúWALANG,1
BAGONG,1
EVANU,1
THREAD:,1
BATAO,1
PASAND,1
650000,1
WPS,1
YAN,1
TAENA,1
HIGH,1
TREATMENT,1
NEVER,1
LISTENED,1
LUSTRE,1
QUIERO,1
LEGAL,1
CANNOT,1
LEAD,1
‰∏âÊµ¶Êò•È¶¨,1
PROBABLY,1
HEROANGEL17:,1
DA,1
üòÇüòÇüòÇ,1
SOON,1
SOME,1
KALAUNAN,1
KAYO,1
FORMAL,1
NAGKAROON,1
MALACA√ëANG,1
NIYO,1
HISTORICAL,1
HARASSMENT,1
NYA,1
YOURSELVES,1
KANINANG,1
SUSTANSYA‚Äù:,1
NYO,1
LIVE‚Ä¶,1
KR,1
ISNT,1
MENE,1
PANDEMYANG,1
PATAS,1
PLANO,1
ECONOMIC,1
PANDEMYA,1
CHAIHARVEST,1
NANAY,1
BAWAL,1
TAONGBAYAN,1
üòÖ,1
USUALLY,1
KIRUIU,1
NAME,1
PE,1
WOOO,1
RECENT,1
SONA2‚Ä¶,1
PODUVOM,1
TRUE,1
BOYCOTT,1
REMAINDER,1
LNG,1
RECOVER,1
PATRIK,1
ALL,1
BERNAL,1
ANYARE,1
„Ç∏„Çß„Ç∏„É•„É≥,1
EMERGENCY,1
WOMEN,1
HTTPS://TCO/LAIUKKFKXJ,1
GHAR,1
SIKHA,1
DILIG,1
MANISSSH,1
ATTRACTIVE,1
WAS‚Ä¶,1
TELCOS,1
MARTIAL,1
LACK,1
THISISOURMINDANAO,1
657YE,1
NASA,1
LOL,1
ADJUSTMENT,1
CARE,1
INDIA,1
KARPIKA,1
STRONG,1
PERWISYO,1
SALOT,1
PUBGKADEEWANA,1
FACT,1
CREATIVE,1
KWENTA,1
üòú,1
BRAHMAANDKIMAA,1
CONFERENCE,1
FALAN,1
RALLY,1
35,1
OVER,1
\„Ç∏„Çß„Ç∏„É•„É≥„ÅÆÂÑ™„Åó„Åè„ÄÅÊ∑±„ÅÑÊ≠åÂ£∞„Åå„Åó„Åø„Çè„Åü„Çã/,1
YESTERDAYS,1
HOWEVER,1
SOMETIME,1
2Êó•Èñì„ÅÆ„Åø„ÅÆ„Éó„É¨„Éü„Ç¢„É†„É©„Ç§„É¥„ÇíÊò†ÂÉè„Å®CD„Åß„ÅäÊ•Ω„Åó„Åø„ÅÑ„Åü„Å†„Åë„ÇãË±™ËèØÁõ§,1
SONACSO,1
THEEXWHOGOTHOT,1
BEAT,1
USKO,1
HY,1
NAGNEGATIBO,1
IDINARAOS,1
TRIBALSONA,1
MAGBASA,1
DIFFICULT,1
HARRY,1
KENDISININ,1
STATION,1
BONITO,1
ANTES,1
RECOVERY,1
TESTIMONYA,1
YES,1
KAMING,1
READINESS,1
HEAL,1
REITERATE,1
DOING,1
DE,1
LISTENING,1
PROTESTERS,1
NAKANOOD,1
NEITHER,1
INJECTION,1
PAKIKINIG,1
CAME,1
READING,1
KAHAANHUMKAHAANTUM,1
HIGHLIGHTS,1
CRITIC,1
TODAY,1
METHOD,1
„ÉÑ„Ç¢„ÉºÊò†ÂÉè„ÄéJJUN,1
PEHLE,1
MARVSMODEL,1
HUMAHARAP,1
^^,1
CLEARLY,1
HELLO,1
THESE,1
OPEN,1
EPUDIYE,1
DDS:,1
ü§∑‚Äç‚ôÄÔ∏è,1
HTTPS://TCO/DX9OESFBW2,1
AMPOTA,1
Â´å„ÅÑ„Å™„Ç∏„É£‚Ä¶,1
HTTPS://TCO/BC4VFGYRPQ,1
„ÇΩ„Ç¶„É´„Åß„ÅÆÁã¨Âç†„Ç§„É≥„Çø„Éì„É•„ÉºÔºÜÁæéÈ∫óÂÜôÁúü„Çí„ÅäË¶ãÈÄÉ„Åó„Å™„Åè,1
TAMAAN,1
T‚Ä¶,1
VISHALSAINIVS,1
FAILED,1
CHEL,1
POST,1
NILOCKDOWN,1
UPSYSTEM,1
INTO,1
ILL,1
27,1
AAYA,1
RUINING,1
HTTPS://TCO/RXPLFCA9DA,1
DISPLACED,1
LOG,1
WAGE,1
DUGA,1
PAIDA,1
ZEROHUMOUR,1
ARYAEDDARDSTARK,1
ACTUALLY,1
AUDACITY,1
HTTPS://TCO/7ACRWA6X6Q,1
CAMPUS,1
SONATHE,1
QUARKHENARES:,1
PAHIRAPAN,1
BRIEFING,1
PROINDIAN3,1
CHRGOVPH,1
PLENARY,1
NILA,1
TYPING,1
LIYA,1
SUPPLEMENT,1
LEGA,1
PROTESTING,1
P‚Ä¶,1
Ë°®Á¥ô„ÅØ,1
HTTPS://TCO/ULILMRYGV4,1
USAPINGLACSON:,1
SONANANOTECH,1
SURE,1
SUMALI,1
üòÅ,1
DESIGNATED,1
KALABAN,1
NOMASKERS,1
REACTION,1
REPORTS,1
REIMPOSITION,1
LEMME,1
üòå,1
DO,1
HTTPS://TCO/YDT5A7F6KI,1
POSIBLE,1
BALIK,1
CD„Åå„ÅÇ„Çå„Å∞‚Ä¶,1
PALASYO,1
MINUTES,1
RECORD,1
HTTPS://TCO/TM83UYRE5E,1
SENIOR,1
NALAIKU,1
DUTER‚Ä¶,1
MAG,1
MEN,1
B,1
INDIANPANDAA,1
PREENPH:,1
WORKER,1
DAILYGUARDIANPH:,1
EXCUSES:,1
HONA,1
RESPOND,1
SONATOTOO,1
SPECIFYING,1
BILLI,1
WIL‚Ä¶,1
ABSOLUTALBERT:,1
MARGINALIZED,1
PRESIDENCY,1
MIGHT,1
DESPI‚Ä¶,1
FUN,1
IRE,1
PLARIDELDLSU:,1
ONLINE,1
HTTPS://TCO/PFOUCUWXIA,1
FEMALE,1
PATI,1
WATCHED,1
NOR,1
SIYANG,1
NAINSPIRE,1
ILA‚Ä¶,1
II„ÄçÂÖ•Ëç∑„Åó„Åæ„Åó„Åü‚ú®CD„ÅÆ2ÂΩ¢ÊÖã„Å´„ÅØÂÖàÁùÄ„ÅîË≥ºÂÖ•ÁâπÂÖ∏„Åß„Äå„Ç¢„Éä„Ç∂„Éº„Ç∏„É£„Ç±„ÉÉ„ÉàÔºàHMVÁµµÊüÑÔºâ„Äç„Çí„Åä‰ªò„Åë„Åó„Å¶„ÅÑ„Åæ„Åôüåπ„Éó„É¨„Éü„Ç¢„É†„É©„Ç§„Éñ„ÇíÂèéÈå≤„Åó„ÅüÊò†ÂÉè‰ΩúÂìÅ„ÄåJJUN,1
GMANEWS,1
VERIVERY,1
HAHAHA,1
PANAWAGAN,1
110000,1
SO,1
PRRDMY,1
üòä,1
MAINEDCM,1
LETHAL,1
DESIGNED,1
RAIN,1
LE,1
CON,1
YONG,1
SB19TRENDSPH:,1
OFF,1
MACOYDUBS1:,1
MARCOS:,1
IKALIMANG,1
ANTHRO,1
ESP,1
WOKES,1
IBA,1
RECUERDA,1
RAW,1
DAHIL,1
PLDT,1
VERSION,1
OLDUƒûUNU,1
OR,1
VIJESHBHEEL,1
2019ÔΩûLOVE,1
THANKS,1
IMEE,1
CITY,1
SIYAM,1
ALTABSCBN:,1
MET,1
UKANTHU,1
REPLAY,1
NEWS:,1
PARANG,1
GVT,1
GUMALING,1
DUMPKRY,1
ADDRESS,1
QUEZON,1
SECTORS,1
NAPAKAPETTY,1
EXPLORERHOON,1
\„Ç´„Éê„Éº„Ç¢„É´„Éê„É†„ÇíÂºï„Å£„Åï„Åí„Åü„ÉÑ„Ç¢„ÉºÊò†ÂÉèüé•/,1
‚Ö°„ÄèÊú¨Êó•ÂÖ•Ëç∑„Åó„Åæ„Åó„Åüüôå,1
FIGHT,1
KILOSPROTESTA,1
SAYING,1
SUMMARY,1
PURPOSE,1
DEJE,1
VIBE,1
ARRESTS,1
PUBLIC,1
WATCH,1
MINORITY,1
ELAN,1
ATTEMPT,1
HTTPS://TCO/FJLTIQIW82,1
KABILA,1
ITSYABOIRAFF:,1
QU√âDATE,1
HTTPS://TCO/HQ14YGO6LU,1
CARPIO,1
SEEN,1
VICE,1
LIYE,1
BUTI,1
ANAKBAYANUST,1
NORMAL,1
ATTENDANCE,1
HTTPS://TCO/WTFCJZZE1L,1
LIVESTREAM,1
CHANDRAGUPT7,1
DIFFERENT,1
SPECIFICALLY,1
DISPOSE,1
PODUNGA,1
ATAYDE,1
PLAYERS,1
SONAüò¢üò¢,1
HTTPS://TCO/YVEOXWQ0GT,1
NAPANOOD,1
AMING,1
CHINESE,1
ITSACSLIFE:,1
SPEECH,1
STUPID,1
SERAHPHYMN,1
REMNANTS,1
ROLL,1
JOSEPHMORONG:,1
NATIONWIDE,1
„Åï„Çì‚òÜ,1
ATTENTIVELY,1
DREW,1
BATTLES,1
SUTHUNGA,1
1969ENIGMA:,1
PASS,1
IR,1
NAMBA,1
TEMPORARY,1
OLMALI,1
SONA;,1
SONACA,1
HTTPS://TCO/Q9EER67BIZ,1
„Ç´„Éê„Éº„Ç¢„É´„Éê„É†„ÄéLOVE,1
AN,1
SEEING,1
SCRIPT,1
PANITU,1
LABAN,1
ROSHNIDAMOR5,1
ENADA,1
PASSING,1
NAKIKITA,1
EFFORT,1
TUM,1
MARKET,1
BUSY,1
OPPORTUNITIES,1
NEIGHBORS,1
KEEPING,1
VIOLATION,1
QUICK,1
JETHROGAMEZ:,1
NICEGIRL09,1
HIM‚Ä¶,1
SUPPORT,1
HTTPS://TCO/PVUEZOILCJ,1
CALLS,1
PO,1
JOSEPH,1
AYON,1
SANIYOR,1
COVERSÔΩû„ÄèÊú¨Êó•ÂÖ•Ëç∑„Åó„Åæ„Åó„Åüüôå,1
MADE,1
ATTENDING,1
QUESTION,1
OLDSCHOOLMONK,1
DIOK‚Ä¶,1
HTTPS://TCO/6F8GGFL7GU,1
STOP,1
NITO,1
TAKE,1
SOOOO,1
LIST:,1
SENATOR,1
BAGO,1
STRETCHED,1
HARLEY,1
ELSE,1
TWEETS,1
LUNGA,1
RESOURCES,1
RECOUNTS,1
KAGA,1
ARTFIGHT,1
JADINETRASH:,1
KBROSAS:,1
SECTOR,1
GRADE,1
MORONG,1
PUSHED,1
MUKHA,1
TREELOCHAN,1
DEGI,1
LINGERING,1
CLOSELY,1
‚ÄúHINDI,1
JAB,1
SB19NIZED:,1
HITESHM09,1
INUTUSAN,1
„Åï„Çì„ÅåÊú¨Ë™å„Å´Ë¶ã„Åõ„Å¶„Åè„Çå„ÅüÁ¥†È°î„ÅÆÊï∞„ÄÖ„Çí„Ç∞„É©„Éì„Ç¢„ÅßÊåØ„ÇäËøî„Çä„Åæ„Åô„ÄÇÊØéÂπ¥ÊÅí‰æã„ÄåÂ•Ω„Åç„Å™„Ç∏„É£„Éã„Éº„Ç∫,1
ABLE,1
LAWYER,1
üôÇ,1
MAGALALA,1
3SAAL,1
HANSSENSANTHONY:,1
RECALL,1
MEASURES,1
CONSCIOUSNESS,1
THERE,1
IDINULOT,1
ZOOM,1
LAHAT,1
HI,1
IMPACT,1
WHO,1
ALLOWED,1
MANDATORY,1
HEINO‚Ä¶,1
SEEMS,1
REGARD,1
BIR,1
GIBI,1
KABATAANPL,1
KOüî•GALA,1
UMAYOS,1
KARANVGROVER,1
YEAR,1
PARLADEJR:,1
CRISIS,1
POVANGA,1
ABROAD,1
KAPILKOLOTYA,1
„Åä„Å°„Å§„Åç„Åæ„ÅóÔΩ≥ÔæûÔΩµÔΩµÔΩµÔΩµÔΩ™ÔΩ±ÔΩ±ÔΩ±,1
19:,1
UNA,1
JAO,1
HTTPS://TCO/HKJZWDY1X5,1
AVANCE‚Ä¶,1
ANGRY,1
‚Ä¶,1
SWAB,1
UMAGA,1
NIYANG,1
QUOTE,1
VERIVERYASC,1
AKALA,1
VADERAKASH,1
MENTIONING,1
ABSCBN,1
CHARLISCTEX:,1
BRIEFINGS,1
CIRE41:,1
KRNA,1
KAHAN,1
POURING,1
GIGIESGUERRA:,1
NEVERENDING,1
YOUTUBE,1
MAKE,1
FILMMAKERS,1
MARSO,1
MONDAY,1
ü•∫,1
IT,1
PUSHING,1
OSKO,1
DUHHHH,1
TELLS,1
PROGRAM,1
BATAS,1
TRADING,1
ARE,1
INVESTED,1
ADMIN,1
ULIT,1
LIVE,1
DRAW,1
PRO‚Ä¶,1
CAPITAL,1
DORMIR,1
BOTH,1
WORKERS,1
LATELY,1
MIKEDEFENSOR:,1
HURDLES,1
OKAY,1
ALMOST,1
IKUMPARA,1
ISASAGAWA,1
HTTPS://TCO/NQ0ZQWKJ2D,1
LEAMAINE2019:,1
HTTPS://TCO/AQRFUUJS0I,1
BIGGER‚Ä¶,1
NOTHING‚Ä¶,1
MITING,1
EXTENDED,1
HTTPS://TCO/X0AW68YUY5,1
ARMS,1
ANO,1
DANUSH,1
ABSCBNNEWS,1
SENDS,1
BEEN,1
PRES:,1
MUSTüíØüíØüíØüíØ,1
ERBA≈û,1
JEEVANPARIHAR15:,1
PRESIDENTIAL,1
CITIZENS,1
BABALA,1
DISINFECTION,1
STYLE,1
KASO,1
REPATRIATED,1
THOUGHTS,1
BY,1
AVE,1
DIPIKAKAKAR,1
NISHACHARR,1
OCS,1
SHOOT,1
JOYCE,1
DEDO,1
PRIORITY,1
LADYWITHFLAWS,1
FAKE,1
WHOLE,1
FIGHTING,1
KAISIPANGABITAN:,1
THALA,1
SCHOOL,1
HTTPS://TCO/4MH3XW4KNC,1
SOLTU,1
ACCOMPLISHMENT,1
Y,1
HTTPS://TCO/SJCNU8QTUO,1
STANDING,1
BRATBIUSH,1
POSSESSION,1
STIPEND,1
LIDER,1
ASKS,1
ROQUE,1
FALLING,1
TUPAD,1
IBOYCOTT,1
AY,1
ESPECIALLY,1
ANTISONA,1
AVUNGALUKU,1
PUPUNTA,1
NAGPAPARINIG,1
„ÄéÈÄ±ÂàäÂ•≥ÊÄß„Äè8/4/11Âêà‰ΩµÂè∑„ÅåÂ•ΩË©ïÁô∫Â£≤‰∏≠ÔºÅ,1
WATCHMEJAYJAY:,1
WHILE,1
DUMPING,1
CELEBRITIES,1
YARU,1
BLDG,1
JO,1
SEMESTER,1
SINGHLICIOUS,1
ACROSS,1
FUNDS,1
POOJA,1
INDIGENT,1
KBHI,1
VIA,1
SENSE,1
ITO,1
DOWN,1
RANTS,1
TADAH,1
ANAKBAYANUST:,1
NEB,1
NAKALIMANG,1
HTTPS://TCO/M2BDQVKQRT,1
ART,1
DUMALO,1
DID,1
FASTNESS,1
HAYAAN,1
FAHMIRAZA1RAZA,1
BECAUSE,1
AVCIMUCAHIT:,1
LEADERS,1
PAGSABIHAN,1
DECRY,1
INSURED,1
KAHAPON,1
ÂéüÊõ≤„ÅÆËâØ„Åï„Çí„Å≤„Åç„Åü„Å¶„Çã„Å†„Åë„Åß„Å™„Åè„ÄÅ„Ç∏„Çß„Ç∏„É•„É≥„Çâ„Åó„Åï„ÇÇÂÖ®Èñã„ÅÆ„Ç¢„É´„Éê„É†„Åß„Åô‚ô™,1
HAD,1
O‚Ä¶,1
MUCHO,1
MARAWI:,1
NONSENSE,1
CAUSTICKANYA,1
RONAKSHI,1
DAW,1
ALWAYS,1
HOURS,1
OFFICIALS,1
PAPA,1
BEYEFENDIYE,1
MORE:,1
PUNISHMENT,1
PURSE,1
HOLDING,1
EMPLOYMENT,1
AJMALJAMI,1
TAB‚Ä¶,1
SHUJOPRIME:,1
DECLARED,1
ATIN‚Äù,1
ATA,1
WORKED,1
TWITTER,1
FRANKLINDRILON,1
PHILIPPINE,1
PODA,1
HASHTAGNIKKO13:,1
INDIVIDUALS,1
FINANCIAL,1
BUILDING,1
PROJECT,1
MANY,1
HTTPS://TCO/NIEAEXKBCU,1
CORONAVIRUS,1
WATCHING,1
PANOORIN,1
CLEAR:,1
HOUR,1
HTTPS://TCO/CSIWT3LZ3O,1
BENOKCASTILLO:,1
NANG,1
STAUNCH,1
BHEELNANDU,1
NEED,1
THREAD,1
INQUIRERDOTNET:,1
MERE,1
MICHELLEMMANESE:,1
VARALA,1
PRRD,1
DR‚Ä¶,1
AFFECTED,1
STANDS,1
ASSISTANCE,1
STATEMENT,1
LANSANGAN,1
DRAWZSONA,1
HOPE,1
READ:,1
THANK,1
MARIARESSA:,1
83000,1
HAI,1
DIN,1
SURVIVOR,1
EH,1
TRENDS,1
WILL,1
üòÇüòÇ,1
MALALA,1
PRRDS,1
üòØüòØ,1
POLICIES,1
KC,1
INYO,1
FUCKING,1
LIMITS,1
FORCES,1
„Äê„Ç∏„Çß„Ç∏„É•„É≥„ÄëÂ§ß„Éí„ÉÉ„Éà„Åó„Åü„Ç´„Éê„Éº„Ç¢„É´„Éê„É†„ÅÆÁ¨¨2Âºæ„ÄåLOVE,1
OFFICE,1
